{
    "anthropic.claude-3-sonnet": {
        "input":  0.000003,
        "output": 0.0000015
    },
    "anthropic.claude-3-5-sonnet": {
        "input":  0.000003,
        "output": 0.0000015
    },
    "anthropic.claude-3-7-sonnet": {
        "input":  0.000003,
        "output": 0.0000015
    },
    "anthropic.claude-3-haiku": {
        "input":  0.00000025,
        "output": 0.00000125
    },
    "anthropic.claude-3-5-haiku": {
        "input":  0.0000008,
        "output": 0.000004
    },
    "anthropic.claude-3-opus": {
        "input":  0.000015,
        "output": 0.000075
    }
}